original,compressed,kid_mean,kid_std
Animation_720P-3adc_crf_10_ss_00_t_20.0,Animation_720P-3adc_crf_10_ss_00_t_20.0_libx265_500k_fast_keyint120,0.002159953,0
Animation_720P-3adc_crf_10_ss_00_t_20.0,Animation_720P-3adc_crf_10_ss_00_t_20.0_libx265_2000k_slow_keyint120,0,0
Animation_720P-3adc_crf_10_ss_00_t_20.0,Animation_720P-3adc_crf_10_ss_00_t_20.0_libx264_500k_fast_keyint120,0.001335263,0
Animation_720P-3adc_crf_10_ss_00_t_20.0,Animation_720P-3adc_crf_10_ss_00_t_20.0_libx265_500k_ultrafast_keyint30,0.008803368,0
Animation_720P-3adc_crf_10_ss_00_t_20.0,Animation_720P-3adc_crf_10_ss_00_t_20.0_libx265_4000k_slow_keyint30,0,0
Animation_720P-3adc_crf_10_ss_00_t_20.0,Animation_720P-3adc_crf_10_ss_00_t_20.0_libx265_4000k_ultrafast_keyint60,0,0
Animation_720P-3adc_crf_10_ss_00_t_20.0,Animation_720P-3adc_crf_10_ss_00_t_20.0_libx265_1000k_slow_keyint60,0.000404477,0
Animation_1080P-2fbe_crf_10_ss_00_t_20.0,Animation_1080P-2fbe_crf_10_ss_00_t_20.0_libx265_1000k_fast_keyint60,0.057480216,0
Animation_720P-3adc_crf_10_ss_00_t_20.0,Animation_720P-3adc_crf_10_ss_00_t_20.0_libx265_500k_fast_keyint120,0.002159953,0
Animation_720P-3adc_crf_10_ss_00_t_20.0,Animation_720P-3adc_crf_10_ss_00_t_20.0_libx265_2000k_slow_keyint120,0,0
Animation_720P-3adc_crf_10_ss_00_t_20.0,Animation_720P-3adc_crf_10_ss_00_t_20.0_libx264_500k_fast_keyint120,0.001335263,0
Animation_720P-3adc_crf_10_ss_00_t_20.0,Animation_720P-3adc_crf_10_ss_00_t_20.0_libx265_500k_ultrafast_keyint30,0.008803368,0
Animation_720P-3adc_crf_10_ss_00_t_20.0,Animation_720P-3adc_crf_10_ss_00_t_20.0_libx265_4000k_slow_keyint30,0,0
Animation_720P-3adc_crf_10_ss_00_t_20.0,Animation_720P-3adc_crf_10_ss_00_t_20.0_libx265_4000k_ultrafast_keyint60,0,0
Animation_720P-3adc_crf_10_ss_00_t_20.0,Animation_720P-3adc_crf_10_ss_00_t_20.0_libx265_1000k_slow_keyint60,0.000404477,0
Animation_720P-3adc_crf_10_ss_00_t_20.0,Animation_720P-3adc_crf_10_ss_00_t_20.0_libx265_500k_fast_keyint120,0.003035426,0
Animation_720P-3adc_crf_10_ss_00_t_20.0,Animation_720P-3adc_crf_10_ss_00_t_20.0_libx265_2000k_slow_keyint120,0,0
Animation_720P-3adc_crf_10_ss_00_t_20.0,Animation_720P-3adc_crf_10_ss_00_t_20.0_libx264_500k_fast_keyint120,0.002923727,0
Animation_720P-3adc_crf_10_ss_00_t_20.0,Animation_720P-3adc_crf_10_ss_00_t_20.0_libx265_500k_ultrafast_keyint30,0.010648489,0
Animation_720P-3adc_crf_10_ss_00_t_20.0,Animation_720P-3adc_crf_10_ss_00_t_20.0_libx265_4000k_slow_keyint30,0,0
Animation_720P-3adc_crf_10_ss_00_t_20.0,Animation_720P-3adc_crf_10_ss_00_t_20.0_libx265_4000k_ultrafast_keyint60,0,0
Animation_720P-3adc_crf_10_ss_00_t_20.0,Animation_720P-3adc_crf_10_ss_00_t_20.0_libx265_1000k_slow_keyint60,0.000686646,0
Animation_1080P-2fbe_crf_10_ss_00_t_20.0,Animation_1080P-2fbe_crf_10_ss_00_t_20.0_libx265_1000k_fast_keyint60,0.122492552,0
Animation_1080P-2fbe_crf_10_ss_00_t_20.0,Animation_1080P-2fbe_crf_10_ss_00_t_20.0_libx265_1000k_fast_keyint30,0.124633312,0
Animation_1080P-2fbe_crf_10_ss_00_t_20.0,Animation_1080P-2fbe_crf_10_ss_00_t_20.0_libx264_500k_slow_keyint120,0.201170921,0
Animation_1080P-2fbe_crf_10_ss_00_t_20.0,Animation_1080P-2fbe_crf_10_ss_00_t_20.0_libx264_1000k_medium_keyint120,0.120267391,0
Animation_1080P-2fbe_crf_10_ss_00_t_20.0,Animation_1080P-2fbe_crf_10_ss_00_t_20.0_libx265_2000k_fast_keyint60,0.08014679,0
Animation_480P-046c_crf_10_ss_00_t_20.0,Animation_480P-046c_crf_10_ss_00_t_20.0_libx265_500k_ultrafast_keyint60,0,0
Animation_480P-046c_crf_10_ss_00_t_20.0,Animation_480P-046c_crf_10_ss_00_t_20.0_libx265_500k_slow_keyint60,0,0
Animation_480P-046c_crf_10_ss_00_t_20.0,Animation_480P-046c_crf_10_ss_00_t_20.0_libx264_500k_ultrafast_keyint30,0.009646177,0
Animation_480P-046c_crf_10_ss_00_t_20.0,Animation_480P-046c_crf_10_ss_00_t_20.0_libx264_500k_fast_keyint60,0,0
Animation_1080P-646f_crf_10_ss_00_t_20.0,Animation_1080P-646f_crf_10_ss_00_t_20.0_libx264_4000k_fast_keyint60,0,0
Animation_1080P-646f_crf_10_ss_00_t_20.0,Animation_1080P-646f_crf_10_ss_00_t_20.0_libx264_500k_veryslow_keyint120,0.007964134,0
Animation_1080P-646f_crf_10_ss_00_t_20.0,Animation_1080P-646f_crf_10_ss_00_t_20.0_libx265_500k_ultrafast_keyint120,0.007565618,0
Animation_480P-35ee_crf_10_ss_00_t_20.0,Animation_480P-35ee_crf_10_ss_00_t_20.0_libx264_4000k_ultrafast_keyint60,0,0
Animation_480P-35ee_crf_10_ss_00_t_20.0,Animation_480P-35ee_crf_10_ss_00_t_20.0_libx264_4000k_ultrafast_keyint120,0,0
Animation_480P-35ee_crf_10_ss_00_t_20.0,Animation_480P-35ee_crf_10_ss_00_t_20.0_libx265_2000k_veryslow_keyint120,0,0
Animation_480P-35ee_crf_10_ss_00_t_20.0,Animation_480P-35ee_crf_10_ss_00_t_20.0_libx265_500k_medium_keyint60,0,0
Animation_480P-35ee_crf_10_ss_00_t_20.0,Animation_480P-35ee_crf_10_ss_00_t_20.0_libx264_500k_medium_keyint60,0,0
Animation_1080P-2fff_crf_10_ss_00_t_20.0,Animation_1080P-2fff_crf_10_ss_00_t_20.0_libx265_2000k_medium_keyint60,0.00263834,0
Animation_1080P-2fff_crf_10_ss_00_t_20.0,Animation_1080P-2fff_crf_10_ss_00_t_20.0_libx265_500k_slow_keyint30,0.084749937,0
Animation_1080P-2fff_crf_10_ss_00_t_20.0,Animation_1080P-2fff_crf_10_ss_00_t_20.0_libx265_4000k_medium_keyint60,0,0
Animation_1080P-2fff_crf_10_ss_00_t_20.0,Animation_1080P-2fff_crf_10_ss_00_t_20.0_libx264_4000k_fast_keyint30,0,0
Animation_2160P-41dc_crf_10_ss_00_t_20.0,Animation_2160P-41dc_crf_10_ss_00_t_20.0_libx265_2000k_ultrafast_keyint30,0.068350792,0
Animation_2160P-41dc_crf_10_ss_00_t_20.0,Animation_2160P-41dc_crf_10_ss_00_t_20.0_libx264_4000k_ultrafast_keyint60,0.128273249,0
Animation_2160P-41dc_crf_10_ss_00_t_20.0,Animation_2160P-41dc_crf_10_ss_00_t_20.0_libx264_4000k_veryslow_keyint60,0.05178225,0
Animation_2160P-41dc_crf_10_ss_00_t_20.0,Animation_2160P-41dc_crf_10_ss_00_t_20.0_libx264_500k_ultrafast_keyint120,0.146074295,0
Animation_2160P-41dc_crf_10_ss_00_t_20.0,Animation_2160P-41dc_crf_10_ss_00_t_20.0_libx265_4000k_medium_keyint30,0.036260962,0
Animation_2160P-41dc_crf_10_ss_00_t_20.0,Animation_2160P-41dc_crf_10_ss_00_t_20.0_libx264_2000k_fast_keyint120,0.080753684,0
Animation_720P-41cf_crf_10_ss_00_t_20.0,Animation_720P-41cf_crf_10_ss_00_t_20.0_libx264_2000k_slow_keyint120,0,0
Animation_720P-41cf_crf_10_ss_00_t_20.0,Animation_720P-41cf_crf_10_ss_00_t_20.0_libx265_4000k_veryslow_keyint60,0,0
Animation_720P-41cf_crf_10_ss_00_t_20.0,Animation_720P-41cf_crf_10_ss_00_t_20.0_libx265_500k_slow_keyint120,0.00913775,0
Animation_480P-4b86_crf_10_ss_00_t_20.0,Animation_480P-4b86_crf_10_ss_00_t_20.0_libx265_2000k_veryslow_keyint120,0,0
Animation_480P-4b86_crf_10_ss_00_t_20.0,Animation_480P-4b86_crf_10_ss_00_t_20.0_libx264_500k_medium_keyint120,0,0
Animation_720P-57d9_crf_10_ss_00_t_20.0,Animation_720P-57d9_crf_10_ss_00_t_20.0_libx264_500k_medium_keyint60,0,0
Animation_720P-57d9_crf_10_ss_00_t_20.0,Animation_720P-57d9_crf_10_ss_00_t_20.0_libx264_500k_veryslow_keyint60,0,0
Animation_360P-5de0_crf_10_ss_00_t_20.0,Animation_360P-5de0_crf_10_ss_00_t_20.0_libx265_4000k_slow_keyint120,0,0
Animation_360P-5de0_crf_10_ss_00_t_20.0,Animation_360P-5de0_crf_10_ss_00_t_20.0_libx264_1000k_medium_keyint60,0,0
Animation_360P-5de0_crf_10_ss_00_t_20.0,Animation_360P-5de0_crf_10_ss_00_t_20.0_libx265_1000k_slow_keyint120,0,0
Animation_720P-7b29_crf_10_ss_00_t_20.0,Animation_720P-7b29_crf_10_ss_00_t_20.0_libx264_2000k_slow_keyint30,0,0
Animation_720P-7b29_crf_10_ss_00_t_20.0,Animation_720P-7b29_crf_10_ss_00_t_20.0_libx264_2000k_fast_keyint60,0,0
Animation_720P-7b29_crf_10_ss_00_t_20.0,Animation_720P-7b29_crf_10_ss_00_t_20.0_libx264_500k_veryslow_keyint120,0,0
Animation_720P-7b29_crf_10_ss_00_t_20.0,Animation_720P-7b29_crf_10_ss_00_t_20.0_libx264_2000k_ultrafast_keyint60,0,0
Animation_720P-7b29_crf_10_ss_00_t_20.0,Animation_720P-7b29_crf_10_ss_00_t_20.0_libx265_500k_medium_keyint60,0.000519872,0
Animation_720P-7b29_crf_10_ss_00_t_20.0,Animation_720P-7b29_crf_10_ss_00_t_20.0_libx265_4000k_veryslow_keyint30,0,0
Animation_720P-7b29_crf_10_ss_00_t_20.0,Animation_720P-7b29_crf_10_ss_00_t_20.0_libx264_500k_slow_keyint60,0.005830169,0
Animation_360P-7856_crf_10_ss_00_t_20.0,Animation_360P-7856_crf_10_ss_00_t_20.0_libx265_500k_fast_keyint30,0.000388741,0
Animation_360P-7856_crf_10_ss_00_t_20.0,Animation_360P-7856_crf_10_ss_00_t_20.0_libx264_1000k_fast_keyint120,0,0
Animation_360P-7856_crf_10_ss_00_t_20.0,Animation_360P-7856_crf_10_ss_00_t_20.0_libx265_1000k_medium_keyint60,0,0
Animation_480P-08a5_crf_10_ss_00_t_20.0,Animation_480P-08a5_crf_10_ss_00_t_20.0_libx265_500k_slow_keyint60,0.025378942,0
Animation_480P-08a5_crf_10_ss_00_t_20.0,Animation_480P-08a5_crf_10_ss_00_t_20.0_libx265_2000k_ultrafast_keyint120,0,0
Animation_480P-08a5_crf_10_ss_00_t_20.0,Animation_480P-08a5_crf_10_ss_00_t_20.0_libx264_2000k_ultrafast_keyint30,0.050136566,0
Animation_480P-08a5_crf_10_ss_00_t_20.0,Animation_480P-08a5_crf_10_ss_00_t_20.0_libx265_500k_fast_keyint30,0.035764933,0
Animation_480P-08a5_crf_10_ss_00_t_20.0,Animation_480P-08a5_crf_10_ss_00_t_20.0_libx264_1000k_medium_keyint60,0.022769451,0
Animation_720P-4268_crf_10_ss_00_t_20.0,Animation_720P-4268_crf_10_ss_00_t_20.0_libx265_2000k_fast_keyint60,0,0
Animation_720P-4268_crf_10_ss_00_t_20.0,Animation_720P-4268_crf_10_ss_00_t_20.0_libx264_1000k_medium_keyint60,0,0
Animation_720P-4268_crf_10_ss_00_t_20.0,Animation_720P-4268_crf_10_ss_00_t_20.0_libx264_500k_ultrafast_keyint120,0.161021948,0
Animation_720P-4268_crf_10_ss_00_t_20.0,Animation_720P-4268_crf_10_ss_00_t_20.0_libx264_1000k_fast_keyint120,0,0
Animation_720P-4268_crf_10_ss_00_t_20.0,Animation_720P-4268_crf_10_ss_00_t_20.0_libx265_4000k_slow_keyint120,0,0
Animation_720P-4268_crf_10_ss_00_t_20.0,Animation_720P-4268_crf_10_ss_00_t_20.0_libx264_2000k_medium_keyint120,0,0
Animation_720P-4268_crf_10_ss_00_t_20.0,Animation_720P-4268_crf_10_ss_00_t_20.0_libx265_500k_medium_keyint120,0.033689737,0
Animation_720P-4268_crf_10_ss_00_t_20.0,Animation_720P-4268_crf_10_ss_00_t_20.0_libx265_1000k_ultrafast_keyint60,0.008574009,0
Animation_720P-4268_crf_10_ss_00_t_20.0,Animation_720P-4268_crf_10_ss_00_t_20.0_libx264_2000k_ultrafast_keyint60,0.028030276,0
Animation_720P-7e7d_crf_10_ss_00_t_20.0,Animation_720P-7e7d_crf_10_ss_00_t_20.0_libx265_4000k_ultrafast_keyint30,0,0
Animation_720P-7e7d_crf_10_ss_00_t_20.0,Animation_720P-7e7d_crf_10_ss_00_t_20.0_libx264_2000k_slow_keyint120,0,0
Animation_720P-7e7d_crf_10_ss_00_t_20.0,Animation_720P-7e7d_crf_10_ss_00_t_20.0_libx264_1000k_veryslow_keyint120,0.007270336,0
Animation_720P-7e7d_crf_10_ss_00_t_20.0,Animation_720P-7e7d_crf_10_ss_00_t_20.0_libx264_4000k_veryslow_keyint60,0,0
Animation_720P-7e7d_crf_10_ss_00_t_20.0,Animation_720P-7e7d_crf_10_ss_00_t_20.0_libx264_500k_slow_keyint60,0.058591008,0
Animation_720P-7e7d_crf_10_ss_00_t_20.0,Animation_720P-7e7d_crf_10_ss_00_t_20.0_libx265_1000k_ultrafast_keyint60,7.05E-05,0
Animation_720P-7e7d_crf_10_ss_00_t_20.0,Animation_720P-7e7d_crf_10_ss_00_t_20.0_libx265_500k_slow_keyint120,0.014718294,0
Animation_720P-01b3_crf_10_ss_00_t_20.0,Animation_720P-01b3_crf_10_ss_00_t_20.0_libx265_500k_veryslow_keyint60,0,0
Animation_720P-01b3_crf_10_ss_00_t_20.0,Animation_720P-01b3_crf_10_ss_00_t_20.0_libx264_4000k_medium_keyint30,0,0
Animation_720P-01b3_crf_10_ss_00_t_20.0,Animation_720P-01b3_crf_10_ss_00_t_20.0_libx264_500k_ultrafast_keyint120,0.040028811,0
Animation_1080P-4214_crf_10_ss_00_t_20.0,Animation_1080P-4214_crf_10_ss_00_t_20.0_libx265_4000k_veryslow_keyint30,0,0
Animation_720P-1a6d_crf_10_ss_00_t_20.0,Animation_720P-1a6d_crf_10_ss_00_t_20.0_libx264_1000k_veryslow_keyint60,0,0
Animation_720P-1a6d_crf_10_ss_00_t_20.0,Animation_720P-1a6d_crf_10_ss_00_t_20.0_libx265_1000k_veryslow_keyint30,0,0
Animation_720P-1a6d_crf_10_ss_00_t_20.0,Animation_720P-1a6d_crf_10_ss_00_t_20.0_libx264_500k_veryslow_keyint120,0,0
Animation_720P-1a6d_crf_10_ss_00_t_20.0,Animation_720P-1a6d_crf_10_ss_00_t_20.0_libx265_1000k_veryslow_keyint60,0,0
Animation_720P-1a6d_crf_10_ss_00_t_20.0,Animation_720P-1a6d_crf_10_ss_00_t_20.0_libx265_2000k_ultrafast_keyint30,0,0
Animation_720P-1a6d_crf_10_ss_00_t_20.0,Animation_720P-1a6d_crf_10_ss_00_t_20.0_libx265_2000k_fast_keyint60,0,0
Animation_480P-791b_crf_10_ss_00_t_20.0,Animation_480P-791b_crf_10_ss_00_t_20.0_libx264_4000k_medium_keyint120,0,0
Animation_480P-791b_crf_10_ss_00_t_20.0,Animation_480P-791b_crf_10_ss_00_t_20.0_libx265_4000k_fast_keyint60,0,0
Animation_480P-791b_crf_10_ss_00_t_20.0,Animation_480P-791b_crf_10_ss_00_t_20.0_libx264_1000k_medium_keyint30,0,0
Animation_480P-791b_crf_10_ss_00_t_20.0,Animation_480P-791b_crf_10_ss_00_t_20.0_libx264_2000k_medium_keyint30,0,0
Animation_480P-791b_crf_10_ss_00_t_20.0,Animation_480P-791b_crf_10_ss_00_t_20.0_libx264_1000k_ultrafast_keyint120,0,0
Animation_480P-073c_crf_10_ss_00_t_20.0,Animation_480P-073c_crf_10_ss_00_t_20.0_libx264_2000k_slow_keyint120,0,0
Animation_480P-073c_crf_10_ss_00_t_20.0,Animation_480P-073c_crf_10_ss_00_t_20.0_libx264_500k_veryslow_keyint60,0,0
Animation_480P-52af_crf_10_ss_00_t_20.0,Animation_480P-52af_crf_10_ss_00_t_20.0_libx264_2000k_slow_keyint60,0,0
Animation_480P-52af_crf_10_ss_00_t_20.0,Animation_480P-52af_crf_10_ss_00_t_20.0_libx265_4000k_medium_keyint30,0,0
Animation_480P-52af_crf_10_ss_00_t_20.0,Animation_480P-52af_crf_10_ss_00_t_20.0_libx264_2000k_veryslow_keyint60,0,0
Animation_480P-52af_crf_10_ss_00_t_20.0,Animation_480P-52af_crf_10_ss_00_t_20.0_libx264_500k_veryslow_keyint120,0,0
Animation_480P-52af_crf_10_ss_00_t_20.0,Animation_480P-52af_crf_10_ss_00_t_20.0_libx265_2000k_fast_keyint30,0,0
Animation_480P-52af_crf_10_ss_00_t_20.0,Animation_480P-52af_crf_10_ss_00_t_20.0_libx264_1000k_slow_keyint30,0,0
Animation_360P-631c_crf_10_ss_00_t_20.0,Animation_360P-631c_crf_10_ss_00_t_20.0_libx264_2000k_veryslow_keyint60,0,0
Animation_360P-631c_crf_10_ss_00_t_20.0,Animation_360P-631c_crf_10_ss_00_t_20.0_libx264_500k_ultrafast_keyint30,0,0
Animation_360P-631c_crf_10_ss_00_t_20.0,Animation_360P-631c_crf_10_ss_00_t_20.0_libx264_2000k_medium_keyint120,0,0
Animation_360P-631c_crf_10_ss_00_t_20.0,Animation_360P-631c_crf_10_ss_00_t_20.0_libx264_500k_ultrafast_keyint60,0,0
Animation_360P-24d4_crf_10_ss_00_t_20.0,Animation_360P-24d4_crf_10_ss_00_t_20.0_libx264_4000k_slow_keyint30,0,0
Animation_360P-24d4_crf_10_ss_00_t_20.0,Animation_360P-24d4_crf_10_ss_00_t_20.0_libx265_500k_slow_keyint120,0,0
Animation_720P-2525_crf_10_ss_00_t_20.0,Animation_720P-2525_crf_10_ss_00_t_20.0_libx265_500k_slow_keyint30,0.019274473,0
Animation_720P-2525_crf_10_ss_00_t_20.0,Animation_720P-2525_crf_10_ss_00_t_20.0_libx264_500k_veryslow_keyint120,0.006474733,0
Animation_720P-2525_crf_10_ss_00_t_20.0,Animation_720P-2525_crf_10_ss_00_t_20.0_libx265_500k_fast_keyint60,0.014926434,0
Animation_720P-2525_crf_10_ss_00_t_20.0,Animation_720P-2525_crf_10_ss_00_t_20.0_libx264_4000k_ultrafast_keyint120,0,0
Animation_720P-2525_crf_10_ss_00_t_20.0,Animation_720P-2525_crf_10_ss_00_t_20.0_libx264_4000k_ultrafast_keyint60,0,0
Animation_720P-2525_crf_10_ss_00_t_20.0,Animation_720P-2525_crf_10_ss_00_t_20.0_libx265_1000k_slow_keyint30,0.00545907,0
Animation_720P-2525_crf_10_ss_00_t_20.0,Animation_720P-2525_crf_10_ss_00_t_20.0_libx265_500k_medium_keyint30,0.020223618,0
Animation_360P-794f_crf_10_ss_00_t_20.0,Animation_360P-794f_crf_10_ss_00_t_20.0_libx265_4000k_medium_keyint120,0,0
Animation_360P-794f_crf_10_ss_00_t_20.0,Animation_360P-794f_crf_10_ss_00_t_20.0_libx264_500k_ultrafast_keyint30,0.016528487,0
Animation_360P-794f_crf_10_ss_00_t_20.0,Animation_360P-794f_crf_10_ss_00_t_20.0_libx265_1000k_medium_keyint30,0,0
Animation_360P-794f_crf_10_ss_00_t_20.0,Animation_360P-794f_crf_10_ss_00_t_20.0_libx265_500k_veryslow_keyint60,0,0
Animation_360P-794f_crf_10_ss_00_t_20.0,Animation_360P-794f_crf_10_ss_00_t_20.0_libx265_4000k_veryslow_keyint60,0,0
Animation_360P-4b4c_crf_10_ss_00_t_20.0,Animation_360P-4b4c_crf_10_ss_00_t_20.0_libx265_500k_slow_keyint30,0,0
Animation_360P-4b4c_crf_10_ss_00_t_20.0,Animation_360P-4b4c_crf_10_ss_00_t_20.0_libx265_1000k_veryslow_keyint120,0,0
Animation_360P-4b4c_crf_10_ss_00_t_20.0,Animation_360P-4b4c_crf_10_ss_00_t_20.0_libx264_2000k_ultrafast_keyint30,0,0
Animation_360P-4b4c_crf_10_ss_00_t_20.0,Animation_360P-4b4c_crf_10_ss_00_t_20.0_libx265_500k_medium_keyint30,0,0
Animation_360P-4b4c_crf_10_ss_00_t_20.0,Animation_360P-4b4c_crf_10_ss_00_t_20.0_libx265_1000k_medium_keyint120,0,0
Animation_360P-4b4c_crf_10_ss_00_t_20.0,Animation_360P-4b4c_crf_10_ss_00_t_20.0_libx264_500k_slow_keyint120,0,0
Animation_360P-4b4c_crf_10_ss_00_t_20.0,Animation_360P-4b4c_crf_10_ss_00_t_20.0_libx264_1000k_medium_keyint60,0,0
Animation_360P-4b4c_crf_10_ss_00_t_20.0,Animation_360P-4b4c_crf_10_ss_00_t_20.0_libx264_1000k_veryslow_keyint120,0,0
Animation_360P-4b4c_crf_10_ss_00_t_20.0,Animation_360P-4b4c_crf_10_ss_00_t_20.0_libx265_2000k_slow_keyint30,0,0
Animation_480P-3fdf_crf_10_ss_00_t_20.0,Animation_480P-3fdf_crf_10_ss_00_t_20.0_libx265_1000k_veryslow_keyint30,0.006965637,0
Animation_480P-3fdf_crf_10_ss_00_t_20.0,Animation_480P-3fdf_crf_10_ss_00_t_20.0_libx265_1000k_fast_keyint60,0.011969447,0
Animation_480P-3fdf_crf_10_ss_00_t_20.0,Animation_480P-3fdf_crf_10_ss_00_t_20.0_libx264_2000k_slow_keyint120,0.00095129,0
Animation_480P-3fdf_crf_10_ss_00_t_20.0,Animation_480P-3fdf_crf_10_ss_00_t_20.0_libx265_4000k_medium_keyint120,0,0
Animation_480P-3fdf_crf_10_ss_00_t_20.0,Animation_480P-3fdf_crf_10_ss_00_t_20.0_libx265_500k_medium_keyint60,0.038051486,0
Animation_480P-4e36_crf_10_ss_00_t_20.0,Animation_480P-4e36_crf_10_ss_00_t_20.0_libx264_500k_veryslow_keyint120,0,0
Animation_480P-4e36_crf_10_ss_00_t_20.0,Animation_480P-4e36_crf_10_ss_00_t_20.0_libx264_1000k_veryslow_keyint30,0,0
Animation_480P-4e36_crf_10_ss_00_t_20.0,Animation_480P-4e36_crf_10_ss_00_t_20.0_libx264_500k_slow_keyint60,0,0
Animation_1080P-3d67_crf_10_ss_00_t_20.0,Animation_1080P-3d67_crf_10_ss_00_t_20.0_libx265_500k_fast_keyint30,0.012982965,0
Animation_1080P-3d67_crf_10_ss_00_t_20.0,Animation_1080P-3d67_crf_10_ss_00_t_20.0_libx265_500k_fast_keyint60,0.011866927,0
Animation_1080P-3d67_crf_10_ss_00_t_20.0,Animation_1080P-3d67_crf_10_ss_00_t_20.0_libx264_1000k_medium_keyint120,0.037281632,0
Animation_1080P-3d67_crf_10_ss_00_t_20.0,Animation_1080P-3d67_crf_10_ss_00_t_20.0_libx264_2000k_medium_keyint120,0.001999259,0
Animation_1080P-3d67_crf_10_ss_00_t_20.0,Animation_1080P-3d67_crf_10_ss_00_t_20.0_libx265_500k_veryslow_keyint120,0.008018255,0
Animation_1080P-3d67_crf_10_ss_00_t_20.0,Animation_1080P-3d67_crf_10_ss_00_t_20.0_libx265_4000k_ultrafast_keyint60,0.001026273,0
Animation_1080P-3dbf_crf_10_ss_00_t_20.0,Animation_1080P-3dbf_crf_10_ss_00_t_20.0_libx264_4000k_ultrafast_keyint120,0,0
Animation_1080P-3dbf_crf_10_ss_00_t_20.0,Animation_1080P-3dbf_crf_10_ss_00_t_20.0_libx265_4000k_ultrafast_keyint60,0,0
Animation_1080P-3dbf_crf_10_ss_00_t_20.0,Animation_1080P-3dbf_crf_10_ss_00_t_20.0_libx264_1000k_slow_keyint60,0,0
Animation_1080P-3e01_crf_10_ss_00_t_20.0,Animation_1080P-3e01_crf_10_ss_00_t_20.0_libx265_500k_medium_keyint30,0.079190969,0
Animation_1080P-3e01_crf_10_ss_00_t_20.0,Animation_1080P-3e01_crf_10_ss_00_t_20.0_libx265_1000k_fast_keyint120,0,0
Animation_1080P-3e01_crf_10_ss_00_t_20.0,Animation_1080P-3e01_crf_10_ss_00_t_20.0_libx264_2000k_veryslow_keyint60,0,0
Animation_1080P-3e01_crf_10_ss_00_t_20.0,Animation_1080P-3e01_crf_10_ss_00_t_20.0_libx265_2000k_ultrafast_keyint60,0,0
Animation_1080P-3e01_crf_10_ss_00_t_20.0,Animation_1080P-3e01_crf_10_ss_00_t_20.0_libx264_1000k_veryslow_keyint60,0,0
Animation_1080P-3e01_crf_10_ss_00_t_20.0,Animation_1080P-3e01_crf_10_ss_00_t_20.0_libx264_1000k_ultrafast_keyint60,0.031619668,0
Animation_720P-7ff2_crf_10_ss_00_t_20.0,Animation_720P-7ff2_crf_10_ss_00_t_20.0_libx265_500k_medium_keyint120,0.076096296,0
Animation_720P-7ff2_crf_10_ss_00_t_20.0,Animation_720P-7ff2_crf_10_ss_00_t_20.0_libx264_2000k_medium_keyint30,0.003724337,0
Animation_360P-3e40_crf_10_ss_00_t_20.0,Animation_360P-3e40_crf_10_ss_00_t_20.0_libx265_4000k_fast_keyint30,0,0
Animation_360P-3e40_crf_10_ss_00_t_20.0,Animation_360P-3e40_crf_10_ss_00_t_20.0_libx265_4000k_slow_keyint60,0,0
Animation_360P-3e40_crf_10_ss_00_t_20.0,Animation_360P-3e40_crf_10_ss_00_t_20.0_libx265_1000k_slow_keyint60,0,0
Animation_360P-3e40_crf_10_ss_00_t_20.0,Animation_360P-3e40_crf_10_ss_00_t_20.0_libx265_4000k_slow_keyint120,0,0
Animation_360P-3e40_crf_10_ss_00_t_20.0,Animation_360P-3e40_crf_10_ss_00_t_20.0_libx264_500k_veryslow_keyint60,0,0
Animation_360P-3e40_crf_10_ss_00_t_20.0,Animation_360P-3e40_crf_10_ss_00_t_20.0_libx264_1000k_medium_keyint60,0,0
Animation_360P-3e40_crf_10_ss_00_t_20.0,Animation_360P-3e40_crf_10_ss_00_t_20.0_libx265_1000k_veryslow_keyint120,0,0
Animation_720P-6372_crf_10_ss_00_t_20.0,Animation_720P-6372_crf_10_ss_00_t_20.0_libx264_4000k_slow_keyint30,0,0
Animation_720P-6372_crf_10_ss_00_t_20.0,Animation_720P-6372_crf_10_ss_00_t_20.0_libx265_2000k_fast_keyint120,0,0
Animation_720P-6372_crf_10_ss_00_t_20.0,Animation_720P-6372_crf_10_ss_00_t_20.0_libx265_2000k_ultrafast_keyint120,0,0
Animation_720P-6372_crf_10_ss_00_t_20.0,Animation_720P-6372_crf_10_ss_00_t_20.0_libx264_1000k_slow_keyint60,0,0
Animation_720P-6372_crf_10_ss_00_t_20.0,Animation_720P-6372_crf_10_ss_00_t_20.0_libx265_500k_fast_keyint30,0,0
Animation_360P-08c9_crf_10_ss_00_t_20.0,Animation_360P-08c9_crf_10_ss_00_t_20.0_libx264_500k_fast_keyint30,0,0
Animation_360P-08c9_crf_10_ss_00_t_20.0,Animation_360P-08c9_crf_10_ss_00_t_20.0_libx265_1000k_veryslow_keyint60,0,0
Animation_360P-08c9_crf_10_ss_00_t_20.0,Animation_360P-08c9_crf_10_ss_00_t_20.0_libx265_4000k_veryslow_keyint60,0,0
Animation_360P-08c9_crf_10_ss_00_t_20.0,Animation_360P-08c9_crf_10_ss_00_t_20.0_libx265_500k_veryslow_keyint30,0,0
Animation_360P-08c9_crf_10_ss_00_t_20.0,Animation_360P-08c9_crf_10_ss_00_t_20.0_libx265_500k_ultrafast_keyint120,0,0
Animation_1080P-209f_crf_10_ss_00_t_20.0,Animation_1080P-209f_crf_10_ss_00_t_20.0_libx264_2000k_medium_keyint60,0,0
Animation_1080P-209f_crf_10_ss_00_t_20.0,Animation_1080P-209f_crf_10_ss_00_t_20.0_libx265_500k_ultrafast_keyint60,0.102557778,0
Animation_1080P-209f_crf_10_ss_00_t_20.0,Animation_1080P-209f_crf_10_ss_00_t_20.0_libx265_2000k_fast_keyint120,0,0
Animation_1080P-209f_crf_10_ss_00_t_20.0,Animation_1080P-209f_crf_10_ss_00_t_20.0_libx265_2000k_slow_keyint120,0,0
Animation_1080P-209f_crf_10_ss_00_t_20.0,Animation_1080P-209f_crf_10_ss_00_t_20.0_libx265_1000k_fast_keyint60,0.015587449,0
Animation_1080P-209f_crf_10_ss_00_t_20.0,Animation_1080P-209f_crf_10_ss_00_t_20.0_libx265_500k_fast_keyint120,0.155736446,0
